Year,Surface Temp. Affect
1987,0.0057138223
1988,0.0059669414
1989,0.006226968
1990,0.0064724903
1991,0.006716053
1992,0.0069598653
1993,0.00721051
1994,0.007466812
1995,0.007727078
1996,0.008003518
1997,0.008292177
1998,0.008586649
1999,0.0088863475
2000,0.009187837
2001,0.009492389
2002,0.009800776
2003,0.010118194
