Year,Surface Temp. Affect
2004,0.010440837
2005,0.01075371
2006,0.011071254
2007,0.01139262
2008,0.011720513
2009,0.012019282
2010,0.012364942
2011,0.012721496
2012,0.013094951
2013,0.01348884
2014,0.013893148
2015,0.014290836
2016,0.014668514
2017,0.01504865
2018,0.015424143
2019,0.015782785
2020,0.0161263
2021,0.016494218
