Year,Surface Temp. Affect
1868,0.000044538512
1885,0.0000939893
1902,0.00017482099
1919,0.00035205734
1936,0.0006507591
1953,0.0010848413
1970,0.0024678367
1987,0.0057138223
2004,0.010440837
2021,0.016494218
