Year,Surface Temp. Affect
1861,0.000026597036
1878,0.00007194077
1895,0.00013514429
1912,0.000265872
1929,0.0005199873
1946,0.0008502998
1963,0.0017510918
1980,0.0041640573
1997,0.008292177
2014,0.013893148
