Year,Carbon Dioxide,Methane,Nitrous Oxide,Surface Temp. Effect
2020.0,574816439.8554688,689705831.65625,167226543.98571777,0.0183260166021455
2021.0,589718376.1328125,701473950.09375,169941046.33506775,0.018922062197930245